<keymap version="1" name="Default copy" parent="$default">
  <action id="$Copy">
    <keyboard-shortcut first-keystroke="meta c" />
  </action>
  <action id="$Cut">
    <keyboard-shortcut first-keystroke="ctrl x" />
    <keyboard-shortcut first-keystroke="meta x" />
  </action>
  <action id="$Paste">
    <keyboard-shortcut first-keystroke="ctrl v" />
    <keyboard-shortcut first-keystroke="meta v" />
  </action>
  <action id="ActivateTerminalToolWindow">
    <keyboard-shortcut first-keystroke="alt f12" />
    <keyboard-shortcut first-keystroke="meta t" />
  </action>
  <action id="CloseActiveTab" />
  <action id="CloseContent">
    <keyboard-shortcut first-keystroke="shift ctrl w" />
  </action>
  <action id="Editor Copy">
    <keyboard-shortcut first-keystroke="meta c" />
  </action>
  <action id="Editor Cut">
    <keyboard-shortcut first-keystroke="meta x" />
  </action>
  <action id="Editor Paste">
    <keyboard-shortcut first-keystroke="meta v" />
  </action>
  <action id="EditorDeleteLine">
    <keyboard-shortcut first-keystroke="shift ctrl k" />
  </action>
  <action id="ExternalJavaDoc">
    <keyboard-shortcut first-keystroke="shift f1" />
    <keyboard-shortcut first-keystroke="alt c" />
  </action>
  <action id="SwitchApply">
    <keyboard-shortcut first-keystroke="shift alt enter" />
  </action>
  <action id="SwitchDown">
    <keyboard-shortcut first-keystroke="shift alt down" />
  </action>
  <action id="SwitchLeft">
    <keyboard-shortcut first-keystroke="shift alt left" />
  </action>
  <action id="SwitchRight">
    <keyboard-shortcut first-keystroke="shift alt right" />
  </action>
  <action id="SwitchUp">
    <keyboard-shortcut first-keystroke="shift alt up" />
  </action>
  <action id="WebOpenInAction">
    <keyboard-shortcut first-keystroke="alt d" />
  </action>
</keymap>