<keymap version="1" name="mac-os-mdzz" parent="Eclipse (Mac OS X)">
  <action id="CloseActiveTab">
    <keyboard-shortcut first-keystroke="ctrl meta w" />
    <keyboard-shortcut first-keystroke="shift meta c" />
  </action>
  <action id="CloseAllEditors" />
  <action id="CloseContent" />
  <action id="GotoClass" />
  <action id="ReopenClosedTab">
    <keyboard-shortcut first-keystroke="shift meta t" />
  </action>
  <action id="tasks.close">
    <keyboard-shortcut first-keystroke="shift meta w" />
  </action>
</keymap>