<application>
  <component name="ProjectManager">
    <defaultProject>
      <component name="PropertiesComponent"><![CDATA[{
  "keyToString": {
    "settings.editor.selected.configurable": "http.proxy"
  }
}]]></component>
      <component name="WindowStateProjectService">
        <state x="469" y="214" key="SettingsEditor" timestamp="1721804880995">
          <screen x="0" y="25" width="1920" height="1094" />
        </state>
        <state x="469" y="214" key="SettingsEditor/0.25.1920.1094" timestamp="1721804880995" />
      </component>
    </defaultProject>
  </component>
</application>