<application>
  <component name="UISettings">
    <option name="DISABLE_MNEMONICS_IN_CONTROLS" value="true" />
    <option name="EDITOR_TAB_PLACEMENT" value="0" />
    <option name="HIDE_TOOL_STRIPES" value="true" />
    <option name="NAVIGATION_BAR_LOCATION" value="TOP" />
    <option name="SHOW_ICONS_IN_MENUS" value="false" />
    <option name="SHOW_INPLACE_COMMENTS" value="true" />
    <option name="SHOW_NAVIGATION_BAR" value="false" />
    <option name="SHOW_STATUS_BAR" value="false" />
    <option name="UI_DENSITY" value="COMPACT" />
  </component>
</application>